DATE,SERIES,OPEN,HIGH,LOW,PREV. CLOSE,LTP,CLOSE,VWAP,52W H,52W L,VOLUME,VALUE,NO. OF  TRADES
17-Mar-2026,EQ,"1,949.90","1,958.30","1,930.50","1,941.10","1,933.00","1,932.90","1,941.49","2,747.40","1,919.00",289862,"56,27,62,767.80",24084
16-Mar-2026,EQ,"1,960.00","1,970.70","1,919.00","1,957.20","1,938.70","1,941.10","1,943.39","2,747.40","1,919.00",358075,"69,58,79,576.50",27038
13-Mar-2026,EQ,"1,969.70","1,995.00","1,951.00","1,975.80","1,964.00","1,957.20","1,969.45","2,747.40","1,951.00",660968,"1,30,17,44,028.60",35163
12-Mar-2026,EQ,"2,040.00","2,040.00","1,962.20","2,055.60","1,971.00","1,975.80","1,990.95","2,747.40","1,962.20",836489,"1,66,54,06,549.20",57610
11-Mar-2026,EQ,"2,198.30","2,198.30","2,046.00","2,198.30","2,051.00","2,055.60","2,091.62","2,747.40","2,029.40",1659346,"3,47,07,29,110.30",90186
10-Mar-2026,EQ,"2,160.00","2,210.70","2,159.20","2,156.30","2,209.00","2,198.30","2,192.94","2,747.40","2,029.40",368736,"80,86,16,270.20",24363
09-Mar-2026,EQ,"2,193.00","2,193.00","2,140.70","2,204.60","2,160.00","2,156.30","2,156.21","2,747.40","2,029.40",309055,"66,63,88,146.10",31642
06-Mar-2026,EQ,"2,200.10","2,220.00","2,196.40","2,200.60","2,205.00","2,204.60","2,205.94","2,747.40","2,029.40",233352,"51,47,60,005.00",19198
05-Mar-2026,EQ,"2,191.00","2,212.20","2,167.00","2,183.70","2,199.00","2,200.60","2,189.35","2,747.40","2,029.40",258081,"56,50,29,336.00",22899
04-Mar-2026,EQ,"2,198.50","2,204.40","2,178.10","2,214.90","2,186.00","2,183.70","2,192.68","2,747.40","2,029.40",272457,"59,74,10,810.20",29060
02-Mar-2026,EQ,"2,198.80","2,239.90","2,197.00","2,254.50","2,228.40","2,214.90","2,220.47","2,747.40","2,029.40",226434,"50,27,89,056.00",18355
27-Feb-2026,EQ,"2,301.00","2,301.60","2,243.60","2,295.30","2,253.90","2,254.50","2,260.75","2,747.40","2,029.40",577821,"1,30,63,08,006.50",45480
26-Feb-2026,EQ,"2,283.00","2,301.30","2,262.40","2,270.40","2,301.00","2,295.30","2,280.95","2,747.40","2,029.40",444641,"1,01,42,05,738.30",25228
25-Feb-2026,EQ,"2,240.10","2,274.80","2,234.10","2,236.30","2,272.00","2,270.40","2,262.56","2,747.40","2,029.40",822577,"1,86,11,29,259.40",33334
24-Feb-2026,EQ,"2,199.90","2,240.00","2,185.70","2,196.00","2,239.90","2,236.30","2,217.01","2,747.40","2,029.40",444579,"98,56,37,270.50",31753
23-Feb-2026,EQ,"2,197.90","2,211.30","2,190.20","2,197.90","2,201.00","2,196.00","2,198.32","2,747.40","2,029.40",183758,"40,39,58,865.60",22988
20-Feb-2026,EQ,"2,167.20","2,211.80","2,167.20","2,167.20","2,190.10","2,197.90","2,200.88","2,747.40","2,029.40",349127,"76,83,86,765.20",22501
19-Feb-2026,EQ,"2,215.00","2,230.50","2,160.00","2,203.90","2,172.30","2,167.20","2,197.82","2,747.40","2,029.40",409293,"89,95,53,254.60",24742
18-Feb-2026,EQ,"2,159.70","2,207.60","2,148.70","2,151.00","2,205.00","2,203.90","2,186.75","2,747.40","2,029.40",379137,"82,90,79,287.60",23902
17-Feb-2026,EQ,"2,118.60","2,161.00","2,118.60","2,118.60","2,149.00","2,151.00","2,143.39","2,747.40","2,029.40",179259,"38,42,21,737.70",13846
16-Feb-2026,EQ,"2,120.60","2,128.30","2,100.70","2,122.20","2,117.00","2,118.60","2,116.08","2,747.40","2,029.40",154505,"32,69,45,195.90",13166
13-Feb-2026,EQ,"2,128.00","2,130.00","2,100.50","2,138.90","2,115.40","2,122.20","2,119.48","2,747.40","2,029.40",374088,"79,28,72,402.50",22712
12-Feb-2026,EQ,"2,173.40","2,173.40","2,130.00","2,173.40","2,136.00","2,138.90","2,147.27","2,747.40","2,029.40",142131,"30,51,93,654.20",12817
11-Feb-2026,EQ,"2,185.00","2,190.60","2,166.00","2,183.00","2,170.00","2,173.40","2,175.57","2,747.40","2,029.40",149215,"32,46,27,227.90",13579
10-Feb-2026,EQ,"2,155.60","2,194.10","2,135.50","2,155.60","2,187.40","2,183.00","2,159.63","2,747.40","2,029.40",351502,"75,91,13,596.30",22809
09-Feb-2026,EQ,"2,141.00","2,162.10","2,127.30","2,133.20","2,152.00","2,155.60","2,152.83","2,747.40","2,029.40",260857,"56,15,80,704.60",17050
06-Feb-2026,EQ,"2,114.30","2,140.00","2,088.00","2,114.30","2,135.00","2,133.20","2,118.88","2,899.95","2,029.40",233294,"49,43,21,710.60",20161
05-Feb-2026,EQ,"2,116.20","2,152.80","2,111.00","2,116.20","2,111.00","2,114.30","2,128.21","2,899.95","2,029.40",144168,"30,68,19,973.10",13230
04-Feb-2026,EQ,"2,138.70","2,159.90","2,108.90","2,138.70","2,115.00","2,116.20","2,126.58","2,899.95","2,029.40",313947,"66,76,34,021.80",17239
03-Feb-2026,EQ,"2,151.00","2,159.90","2,103.90","2,127.40","2,138.00","2,138.70","2,128.48","2,899.95","2,029.40",506465,"1,07,80,01,866.10",35007
02-Feb-2026,EQ,"2,100.00","2,138.80","2,080.30","2,109.20","2,132.00","2,127.40","2,118.23","2,899.95","2,029.40",244044,"51,69,41,271.80",20365
01-Feb-2026,EQ,"2,114.00","2,125.00","2,069.20","2,114.20","2,096.20","2,109.20","2,103.63","2,975.00","2,029.40",238905,"50,25,68,758.10",11773
30-Jan-2026,EQ,"2,083.00","2,125.00","2,029.40","2,112.70","2,108.00","2,114.20","2,098.70","2,975.00","2,029.40",1227051,"2,57,52,09,801.60",55197
29-Jan-2026,EQ,"2,154.00","2,154.20","2,105.00","2,154.40","2,111.00","2,112.70","2,118.14","2,975.00","2,033.00",395656,"83,80,54,700.20",20791
28-Jan-2026,EQ,"2,146.00","2,159.20","2,120.00","2,153.90","2,153.10","2,154.40","2,139.96","2,975.00","2,033.00",286443,"61,29,77,183.50",18226
27-Jan-2026,EQ,"2,158.00","2,165.90","2,128.00","2,166.30","2,152.50","2,153.90","2,145.65","2,975.00","2,033.00",460915,"98,89,62,826.00",33196
23-Jan-2026,EQ,"2,185.00","2,185.90","2,158.00","2,179.60","2,158.00","2,166.30","2,169.53","2,975.00","2,033.00",342718,"74,35,38,383.90",19537
22-Jan-2026,EQ,"2,123.10","2,184.00","2,120.00","2,123.10","2,179.50","2,179.60","2,168.52","2,975.00","2,033.00",602028,"1,30,55,07,212.60",35661
21-Jan-2026,EQ,"2,109.10","2,132.10","2,087.60","2,113.90","2,127.00","2,123.10","2,113.08","2,975.00","2,033.00",398862,"84,28,28,168.00",36805
20-Jan-2026,EQ,"2,175.00","2,188.10","2,106.40","2,178.00","2,118.80","2,113.90","2,146.99","2,975.00","2,033.00",302491,"64,94,45,071.10",29227
19-Jan-2026,EQ,"2,101.30","2,209.90","2,095.80","2,104.80","2,177.90","2,178.00","2,163.38","2,975.00","2,033.00",1131606,"2,44,80,91,847.60",62340
16-Jan-2026,EQ,"2,092.30","2,110.00","2,088.60","2,092.30","2,107.00","2,104.80","2,102.09","2,975.00","2,033.00",299076,"62,86,85,275.00",33258
14-Jan-2026,EQ,"2,115.00","2,115.00","2,082.70","2,106.70","2,097.80","2,092.30","2,099.05","2,975.00","2,033.00",224914,"47,21,04,785.80",35428
13-Jan-2026,EQ,"2,091.00","2,118.50","2,088.90","2,096.50","2,105.50","2,106.70","2,102.98","2,975.00","2,033.00",324283,"68,19,60,620.90",27590
12-Jan-2026,EQ,"2,042.30","2,112.00","2,042.30","2,056.00","2,099.40","2,096.50","2,077.73","2,975.00","2,033.00",478911,"99,50,46,826.60",37122
09-Jan-2026,EQ,"2,042.30","2,083.80","2,041.80","2,046.60","2,061.00","2,056.00","2,062.84","2,975.00","2,033.00",302010,"62,29,98,275.10",34207
08-Jan-2026,EQ,"2,077.20","2,077.90","2,033.00","2,076.60","2,047.10","2,046.60","2,046.45","2,975.00","2,033.00",398895,"81,63,18,009.20",27295
07-Jan-2026,EQ,"2,089.00","2,103.50","2,061.10","2,089.10","2,075.00","2,076.60","2,077.11","2,975.00","2,051.00",199951,"41,53,19,933.90",18131
06-Jan-2026,EQ,"2,093.00","2,096.50","2,072.80","2,091.30","2,091.50","2,089.10","2,084.30","2,975.00","2,051.00",459339,"95,74,00,921.40",18496
05-Jan-2026,EQ,"2,090.10","2,108.30","2,085.50","2,090.10","2,095.00","2,091.30","2,093.33","2,975.00","2,051.00",734989,"1,53,85,77,659.40",20735
02-Jan-2026,EQ,"2,105.00","2,105.00","2,080.30","2,093.80","2,094.00","2,090.10","2,087.35","2,975.00","2,051.00",157949,"32,96,95,483.80",16035
01-Jan-2026,EQ,"2,086.10","2,100.00","2,079.10","2,075.70","2,094.00","2,093.80","2,090.64","2,975.00","2,051.00",340463,"71,17,84,117.40",19100
31-Dec-2025,EQ,"2,056.40","2,079.70","2,053.10","2,053.40","2,077.10","2,075.70","2,071.24","2,975.00","2,051.00",327024,"67,73,45,298.60",16827
30-Dec-2025,EQ,"2,070.00","2,075.20","2,051.00","2,070.10","2,053.00","2,053.40","2,058.52","2,975.00","2,051.00",344034,"70,81,99,633.00",36533
29-Dec-2025,EQ,"2,080.30","2,088.70","2,063.00","2,087.40","2,069.90","2,070.10","2,070.67","2,975.00","2,063.00",262247,"54,30,27,459.80",16540
26-Dec-2025,EQ,"2,093.00","2,114.90","2,082.00","2,093.30","2,084.00","2,087.40","2,101.68","2,975.00","2,064.00",186844,"39,26,85,421.10",12149
24-Dec-2025,EQ,"2,106.20","2,112.00","2,088.10","2,106.20","2,090.00","2,093.30","2,100.39","2,975.00","2,064.00",112477,"23,62,45,470.90",10959
23-Dec-2025,EQ,"2,110.00","2,118.90","2,097.70","2,108.20","2,104.30","2,106.20","2,106.88","2,975.00","2,064.00",117770,"24,81,27,595.30",11007
22-Dec-2025,EQ,"2,111.10","2,113.90","2,090.20","2,111.10","2,108.40","2,108.20","2,103.86","2,975.00","2,064.00",172009,"36,18,82,086.70",16571
19-Dec-2025,EQ,"2,090.00","2,114.40","2,078.10","2,090.00","2,110.00","2,111.10","2,096.56","2,975.00","2,064.00",399228,"83,70,06,335.80",25648
18-Dec-2025,EQ,"2,095.70","2,095.70","2,064.00","2,087.40","2,087.30","2,090.00","2,081.47","2,975.00","2,064.00",225926,"47,02,58,600.40",18457
17-Dec-2025,EQ,"2,126.90","2,142.20","2,075.30","2,160.40","2,083.00","2,087.40","2,108.49","2,975.00","2,075.30",387671,"81,74,01,491.00",30046
16-Dec-2025,EQ,"2,160.00","2,193.80","2,153.10","2,164.40","2,158.00","2,160.40","2,169.41","2,975.00","2,096.20",355988,"77,22,82,381.30",26510
15-Dec-2025,EQ,"2,161.00","2,171.50","2,146.10","2,161.30","2,163.40","2,164.40","2,161.48","2,975.00","2,096.20",396185,"85,63,47,919.00",16779
12-Dec-2025,EQ,"2,154.50","2,168.80","2,141.80","2,154.10","2,153.60","2,161.30","2,156.58","2,975.00","2,096.20",248587,"53,60,96,684.80",25710
11-Dec-2025,EQ,"2,141.50","2,163.70","2,135.00","2,143.00","2,152.30","2,154.10","2,153.36","2,975.00","2,096.20",131300,"28,27,36,797.50",15529
10-Dec-2025,EQ,"2,169.00","2,175.00","2,138.30","2,158.90","2,146.00","2,143.00","2,147.61","2,975.00","2,096.20",218360,"46,89,51,078.90",22836
09-Dec-2025,EQ,"2,146.00","2,173.30","2,137.00","2,146.40","2,172.00","2,158.90","2,153.76","2,975.00","2,096.20",272053,"58,59,37,299.60",22831
08-Dec-2025,EQ,"2,150.10","2,172.60","2,133.70","2,164.40","2,146.80","2,146.40","2,151.29","2,975.00","2,096.20",398132,"85,64,99,295.10",26787
05-Dec-2025,EQ,"2,125.50","2,167.00","2,125.50","2,138.10","2,162.50","2,164.40","2,150.90","2,975.00","2,096.20",401612,"86,38,25,410.30",25637
04-Dec-2025,EQ,"2,101.90","2,140.80","2,096.20","2,101.90","2,136.50","2,138.10","2,122.53","2,975.00","2,096.20",529258,"1,12,33,63,473.10",28812
03-Dec-2025,EQ,"2,156.00","2,158.80","2,098.40","2,158.20","2,099.10","2,101.90","2,116.37","2,975.00","2,098.40",561527,"1,18,83,96,898.30",31904
02-Dec-2025,EQ,"2,136.00","2,160.80","2,136.00","2,152.90","2,156.00","2,158.20","2,154.08","2,975.00","2,136.00",296042,"63,76,99,350.90",17510
01-Dec-2025,EQ,"2,161.50","2,167.00","2,148.00","2,168.60","2,150.00","2,152.90","2,155.14","2,975.00","2,147.80",363407,"78,31,92,735.80",28687
28-Nov-2025,EQ,"2,171.30","2,175.20","2,162.20","2,171.30","2,167.00","2,168.60","2,167.55","3,115.00","2,147.80",120973,"26,22,15,619.80",12151
27-Nov-2025,EQ,"2,185.00","2,197.60","2,160.40","2,185.00","2,166.90","2,171.30","2,174.26","3,115.00","2,147.80",264052,"57,41,18,775.80",25747
26-Nov-2025,EQ,"2,167.70","2,189.00","2,160.60","2,167.70","2,181.00","2,185.00","2,177.41","3,115.00","2,147.80",457001,"99,50,79,125.40",19518
25-Nov-2025,EQ,"2,156.60","2,170.90","2,148.30","2,156.70","2,165.00","2,167.70","2,160.68","3,115.00","2,147.80",334902,"72,36,17,549.90",20156
24-Nov-2025,EQ,"2,180.60","2,205.00","2,147.80","2,180.60","2,150.30","2,156.70","2,158.67","3,115.00","2,147.80",1732504,"3,73,99,08,052.70",40202
21-Nov-2025,EQ,"2,180.00","2,195.00","2,167.40","2,179.70","2,179.00","2,180.60","2,182.27","3,115.00","2,151.00",289673,"63,21,45,504.20",22200
20-Nov-2025,EQ,"2,187.90","2,210.00","2,175.30","2,183.40","2,180.00","2,179.70","2,193.21","3,115.00","2,151.00",387157,"84,91,15,303.20",24093
19-Nov-2025,EQ,"2,186.80","2,188.40","2,167.70","2,180.70","2,182.00","2,183.40","2,178.97","3,115.00","2,151.00",260816,"56,83,09,539.40",19092
18-Nov-2025,EQ,"2,184.10","2,189.50","2,167.20","2,186.60","2,172.00","2,180.70","2,179.09","3,115.00","2,151.00",253424,"55,22,34,174.60",16021
17-Nov-2025,EQ,"2,172.90","2,194.60","2,172.90","2,172.70","2,185.70","2,186.60","2,186.81","3,115.00","2,151.00",135290,"29,58,54,104.00",12286
14-Nov-2025,EQ,"2,174.00","2,178.60","2,165.00","2,174.00","2,175.40","2,172.70","2,170.79","3,115.00","2,151.00",96584,"20,96,63,886.10",10846
13-Nov-2025,EQ,"2,179.00","2,186.00","2,166.20","2,177.40","2,176.10","2,174.00","2,175.93","3,115.00","2,151.00",202651,"44,09,53,812.50",18111
12-Nov-2025,EQ,"2,189.00","2,196.00","2,175.10","2,182.10","2,180.00","2,177.40","2,184.09","3,115.00","2,151.00",179841,"39,27,88,810.70",19217
11-Nov-2025,EQ,"2,170.00","2,187.90","2,151.20","2,171.20","2,184.00","2,182.10","2,167.14","3,115.00","2,151.00",166130,"36,00,26,622.20",15833
10-Nov-2025,EQ,"2,167.80","2,181.80","2,161.40","2,167.20","2,171.20","2,171.20","2,173.04","3,115.00","2,151.00",184755,"40,14,79,653.50",12551
07-Nov-2025,EQ,"2,177.90","2,177.90","2,155.10","2,173.60","2,166.00","2,167.20","2,164.21","3,115.00","2,151.00",226568,"49,03,40,015.40",16674
06-Nov-2025,EQ,"2,175.90","2,190.80","2,166.60","2,190.80","2,171.00","2,173.60","2,177.16","3,115.00","2,151.00",411132,"89,51,01,216.10",28322
04-Nov-2025,EQ,"2,206.60","2,208.00","2,180.00","2,200.40","2,191.00","2,190.80","2,189.08","3,115.00","2,151.00",476899,"1,04,39,71,210.10",21813
03-Nov-2025,EQ,"2,227.90","2,227.90","2,191.00","2,243.00","2,200.30","2,200.40","2,201.76","3,115.00","2,151.00",526150,"1,15,84,56,003.90",36267
31-Oct-2025,EQ,"2,255.30","2,263.60","2,231.20","2,255.30","2,250.00","2,243.00","2,245.46","3,150.80","2,151.00",812536,"1,82,45,20,244.60",31041
30-Oct-2025,EQ,"2,279.70","2,279.70","2,242.40","2,267.70","2,254.00","2,255.30","2,253.98","3,150.80","2,151.00",358683,"80,84,63,687.90",15884
29-Oct-2025,EQ,"2,235.90","2,277.00","2,226.10","2,232.70","2,272.00","2,267.70","2,256.56","3,150.80","2,151.00",436074,"98,40,25,752.50",19852
28-Oct-2025,EQ,"2,217.00","2,236.80","2,204.40","2,216.50","2,234.20","2,232.70","2,217.57","3,150.80","2,151.00",638072,"1,41,49,66,948.50",26329
27-Oct-2025,EQ,"2,241.00","2,243.90","2,209.00","2,239.40","2,219.00","2,216.50","2,222.78","3,150.80","2,151.00",1093964,"2,43,16,39,369.90",46933
24-Oct-2025,EQ,"2,245.00","2,246.80","2,200.00","2,286.90","2,240.10","2,239.40","2,223.30","3,414.70","2,151.00",1809292,"4,02,26,02,079.90",57777
23-Oct-2025,EQ,"2,257.00","2,310.00","2,245.00","2,260.60","2,300.00","2,286.90","2,285.25","3,414.70","2,151.00",652999,"1,49,22,63,415.90",42761
21-Oct-2025,EQ,"2,258.00","2,267.90","2,246.80","2,244.20","2,259.00","2,260.60","2,257.06","3,414.70","2,151.00",75777,"17,10,33,555.70",5793
20-Oct-2025,EQ,"2,293.30","2,300.60","2,240.00","2,295.30","2,249.20","2,244.20","2,269.75","3,414.70","2,151.00",437117,"99,21,45,941.60",26755
17-Oct-2025,EQ,"2,285.60","2,329.90","2,279.00","2,285.80","2,287.20","2,295.30","2,307.54","3,700.00","2,151.00",571653,"1,31,91,10,424.20",40333
16-Oct-2025,EQ,"2,228.10","2,294.00","2,221.30","2,227.10","2,288.90","2,285.80","2,266.50","3,700.00","2,151.00",444481,"1,00,74,17,407.70",30799
15-Oct-2025,EQ,"2,202.90","2,237.50","2,202.90","2,202.40","2,231.00","2,227.10","2,226.56","3,700.00","2,151.00",235033,"52,33,15,152.70",19074
14-Oct-2025,EQ,"2,224.20","2,225.00","2,195.10","2,221.20","2,198.00","2,202.40","2,207.70","3,700.00","2,151.00",350132,"77,29,84,711.10",21337
13-Oct-2025,EQ,"2,220.00","2,232.00","2,202.10","2,227.80","2,220.60","2,221.20","2,215.66","3,700.00","2,151.00",315128,"69,82,16,806.00",15263
10-Oct-2025,EQ,"2,209.00","2,232.90","2,202.10","2,208.60","2,231.80","2,227.80","2,219.79","3,774.95","2,151.00",334097,"74,16,24,552.50",16759
09-Oct-2025,EQ,"2,211.00","2,219.30","2,201.00","2,217.60","2,208.70","2,208.60","2,208.42","3,774.95","2,151.00",406979,"89,87,80,174.60",21287
08-Oct-2025,EQ,"2,220.00","2,229.80","2,201.00","2,231.40","2,216.60","2,217.60","2,211.00","3,774.95","2,151.00",629452,"1,39,17,20,457.90",19718
07-Oct-2025,EQ,"2,235.00","2,242.40","2,224.30","2,228.80","2,235.00","2,231.40","2,231.26","3,774.95","2,151.00",296066,"66,06,00,796.20",18547
06-Oct-2025,EQ,"2,218.50","2,242.50","2,211.10","2,213.90","2,232.30","2,228.80","2,223.26","3,774.95","2,151.00",439536,"97,72,02,591.40",26122
03-Oct-2025,EQ,"2,228.80","2,229.00","2,191.60","2,224.90","2,214.50","2,213.90","2,203.91","3,890.00","2,151.00",941401,"2,07,47,63,205.00",46523
01-Oct-2025,EQ,"2,224.90","2,234.30","2,207.30","2,222.40","2,228.80","2,224.90","2,218.28","3,890.00","2,151.00",492344,"1,09,21,56,869.60",28920
30-Sep-2025,EQ,"2,235.00","2,236.70","2,201.50","2,218.40","2,230.00","2,222.40","2,217.92","3,890.00","2,151.00",484173,"1,07,38,57,902.40",34561
29-Sep-2025,EQ,"2,226.00","2,239.50","2,209.00","2,224.30","2,225.00","2,218.40","2,220.87","3,890.00","2,151.00",439155,"97,53,05,159.50",34628
26-Sep-2025,EQ,"2,275.00","2,280.00","2,211.00","2,274.20","2,215.00","2,224.30","2,234.62","3,890.00","2,151.00",525358,"1,17,39,75,126.50",29771
25-Sep-2025,EQ,"2,328.70","2,330.90","2,266.00","2,319.00","2,270.40","2,274.20","2,298.90","3,890.00","2,151.00",380998,"87,58,76,274.10",19914
24-Sep-2025,EQ,"2,310.40","2,344.00","2,308.00","2,324.90","2,320.00","2,319.00","2,321.87","3,890.00","2,151.00",460442,"1,06,90,86,364.90",20977
23-Sep-2025,EQ,"2,343.70","2,344.80","2,312.10","2,344.80","2,322.00","2,324.90","2,328.49","3,890.00","2,151.00",484250,"1,12,75,69,474.90",24258
22-Sep-2025,EQ,"2,338.00","2,357.80","2,330.00","2,337.90","2,345.00","2,344.80","2,346.63","3,890.00","2,151.00",350851,"82,33,17,246.20",19158
19-Sep-2025,EQ,"2,366.00","2,379.20","2,334.00","2,365.60","2,341.90","2,337.90","2,346.45","3,890.00","2,151.00",695716,"1,63,24,66,209.50",22659
18-Sep-2025,EQ,"2,350.00","2,369.40","2,342.90","2,347.80","2,368.10","2,365.60","2,359.66","3,890.00","2,151.00",283950,"67,00,26,490.50",21319
17-Sep-2025,EQ,"2,360.10","2,365.00","2,338.30","2,355.80","2,348.80","2,347.80","2,347.66","3,890.00","2,151.00",374522,"87,92,52,025.80",18623
16-Sep-2025,EQ,"2,366.00","2,376.70","2,347.20","2,365.60","2,359.80","2,355.80","2,361.88","3,890.00","2,151.00",186971,"44,16,03,312.50",15892
15-Sep-2025,EQ,"2,354.50","2,370.70","2,350.70","2,353.70","2,365.00","2,365.60","2,362.52","3,890.00","2,151.00",251023,"59,30,46,941.20",17304
12-Sep-2025,EQ,"2,379.00","2,379.00","2,334.60","2,374.60","2,351.10","2,353.70","2,348.44","3,890.00","2,151.00",350502,"82,31,31,876.30",25759
11-Sep-2025,EQ,"2,408.00","2,413.80","2,367.00","2,407.40","2,374.40","2,374.60","2,386.98","3,890.00","2,151.00",193347,"46,15,14,637.30",21209
10-Sep-2025,EQ,"2,402.30","2,417.60","2,392.20","2,398.90","2,413.90","2,407.40","2,403.42","3,890.00","2,151.00",321014,"77,15,31,394.60",25452
09-Sep-2025,EQ,"2,390.10","2,409.00","2,375.90","2,388.80","2,401.50","2,398.90","2,396.69","3,890.00","2,151.00",449814,"1,07,80,66,584.90",28731
08-Sep-2025,EQ,"2,431.70","2,446.00","2,385.00","2,423.30","2,388.00","2,388.80","2,401.57","3,890.00","2,151.00",447969,"1,07,58,29,831.70",28428
05-Sep-2025,EQ,"2,460.00","2,470.50","2,403.00","2,464.60","2,424.50","2,423.30","2,429.70","3,890.00","2,151.00",749248,"1,82,04,45,671.90",58054
04-Sep-2025,EQ,"2,489.00","2,504.00","2,444.30","2,381.90","2,460.00","2,464.60","2,473.65","3,890.00","2,151.00",2735551,"6,76,67,94,497.60",108478
03-Sep-2025,EQ,"2,410.00","2,414.60","2,373.00","2,413.70","2,379.00","2,381.90","2,392.50","3,890.00","2,151.00",521555,"1,24,78,21,753.20",47114
02-Sep-2025,EQ,"2,359.30","2,423.80","2,355.10","2,360.20","2,415.30","2,413.70","2,403.53","3,890.00","2,151.00",626993,"1,50,69,97,974.30",46973
01-Sep-2025,EQ,"2,327.00","2,375.40","2,320.00","2,331.80","2,358.00","2,360.20","2,355.29","3,890.00","2,151.00",746148,"1,75,73,95,472.80",45845
29-Aug-2025,EQ,"2,250.00","2,357.90","2,250.00","2,262.70","2,328.60","2,331.80","2,331.80","3,890.00","2,151.00",1598897,"3,72,83,08,154.60",89367
28-Aug-2025,EQ,"2,270.00","2,285.90","2,245.60","2,284.10","2,262.70","2,262.70","2,269.65","3,890.00","2,151.00",698267,"1,58,48,20,313.40",72438
26-Aug-2025,EQ,"2,280.00","2,323.40","2,276.50","2,282.80","2,287.00","2,284.10","2,296.46","3,890.00","2,151.00",1429053,"3,28,17,60,136.30",89506
25-Aug-2025,EQ,"2,295.10","2,310.50","2,270.00","2,299.30","2,287.00","2,282.80","2,286.14","3,890.00","2,151.00",511478,"1,16,93,09,320.60",37980
22-Aug-2025,EQ,"2,355.00","2,359.80","2,294.00","2,350.50","2,296.00","2,299.30","2,314.91","3,890.00","2,151.00",621255,"1,43,81,50,407.80",42736
21-Aug-2025,EQ,"2,356.80","2,368.00","2,333.10","2,356.50","2,350.00","2,350.50","2,349.11","3,890.00","2,151.00",697500,"1,63,85,03,722.00",40360
20-Aug-2025,EQ,"2,270.00","2,365.00","2,265.40","2,273.50","2,362.50","2,356.50","2,333.51","3,890.00","2,151.00",1013700,"2,36,54,78,319.50",55727
19-Aug-2025,EQ,"2,231.90","2,278.00","2,210.10","2,225.00","2,278.00","2,273.50","2,248.34","3,890.00","2,151.00",466365,"1,04,85,47,758.50",36614
18-Aug-2025,EQ,"2,200.00","2,242.90","2,185.60","2,154.00","2,222.00","2,225.00","2,222.56","3,890.00","2,151.00",685912,"1,52,44,82,575.40",41409
14-Aug-2025,EQ,"2,171.50","2,183.00","2,151.00","2,171.70","2,152.00","2,154.00","2,162.61","3,890.00","2,151.00",609379,"1,31,78,48,058.40",40682
13-Aug-2025,EQ,"2,210.00","2,210.00","2,157.00","2,201.60","2,169.80","2,171.70","2,171.82","3,890.00","2,157.00",784548,"1,70,38,97,845.20",44034
12-Aug-2025,EQ,"2,210.00","2,232.90","2,196.60","2,212.40","2,198.80","2,201.60","2,208.23","3,890.00","2,194.00",266482,"58,84,54,313.10",27873
11-Aug-2025,EQ,"2,207.90","2,220.10","2,197.10","2,207.40","2,213.00","2,212.40","2,210.43","3,890.00","2,194.00",338195,"74,75,54,787.50",21871
08-Aug-2025,EQ,"2,240.40","2,245.00","2,204.00","2,240.30","2,208.00","2,207.40","2,222.23","3,890.00","2,194.00",364214,"80,93,68,855.60",20225
07-Aug-2025,EQ,"2,241.10","2,246.20","2,217.10","2,241.00","2,243.00","2,240.30","2,234.50","3,890.00","2,194.00",160148,"35,78,50,985.20",12596
06-Aug-2025,EQ,"2,231.00","2,243.30","2,213.60","2,230.50","2,243.00","2,241.00","2,227.07","3,890.00","2,194.00",631492,"1,40,63,79,041.70",31851
05-Aug-2025,EQ,"2,257.80","2,268.50","2,227.40","2,254.20","2,231.80","2,230.50","2,238.00","3,890.00","2,194.00",369067,"82,59,72,735.10",25256
04-Aug-2025,EQ,"2,258.00","2,263.40","2,235.10","2,258.00","2,257.80","2,254.20","2,253.59","3,890.00","2,194.00",383404,"86,40,36,254.40",30598
01-Aug-2025,EQ,"2,248.00","2,286.50","2,240.70","2,245.30","2,258.00","2,258.00","2,259.99","3,890.00","2,194.00",605397,"1,36,81,88,165.40",35626
31-Jul-2025,EQ,"2,220.00","2,260.00","2,212.30","2,237.10","2,241.30","2,245.30","2,241.42","3,890.00","2,194.00",671856,"1,50,59,10,561.30",60998
30-Jul-2025,EQ,"2,222.00","2,240.00","2,206.80","2,215.00","2,238.00","2,237.10","2,225.25","3,890.00","2,194.00",875237,"1,94,76,23,384.90",44423
29-Jul-2025,EQ,"2,207.90","2,222.90","2,194.00","2,205.80","2,216.90","2,215.00","2,211.60","3,890.00","2,194.00",1047287,"2,31,61,82,766.10",59161
28-Jul-2025,EQ,"2,216.00","2,250.90","2,200.00","2,215.90","2,208.00","2,205.80","2,219.65","3,890.00","2,200.00",934936,"2,07,52,34,512.50",41007
25-Jul-2025,EQ,"2,260.10","2,261.80","2,212.00","2,259.50","2,216.00","2,215.90","2,229.32","3,890.00","2,212.00",695695,"1,55,09,28,473.00",64185
24-Jul-2025,EQ,"2,281.10","2,289.80","2,256.30","2,285.30","2,258.00","2,259.50","2,266.73","3,890.00","2,256.30",1156360,"2,62,11,52,852.10",49808
23-Jul-2025,EQ,"2,350.00","2,359.10","2,271.00","2,379.50","2,286.00","2,285.30","2,297.20","3,890.00","2,271.00",2151512,"4,94,24,52,552.50",120090
22-Jul-2025,EQ,"2,396.50","2,410.00","2,352.00","2,392.00","2,375.90","2,379.50","2,379.37","3,890.00","2,311.50",1095174,"2,60,58,24,931.50",59582
21-Jul-2025,EQ,"2,394.20","2,410.00","2,385.20","2,394.20","2,389.80","2,392.00","2,397.93","3,890.00","2,311.50",338704,"81,21,88,440.30",19907
18-Jul-2025,EQ,"2,403.00","2,405.00","2,370.00","2,398.00","2,395.60","2,394.20","2,387.20","3,890.00","2,311.50",620121,"1,48,03,53,949.80",28709
17-Jul-2025,EQ,"2,380.40","2,403.00","2,377.20","2,380.40","2,396.00","2,398.00","2,386.21","3,890.00","2,311.50",458153,"1,09,32,47,248.20",20707
16-Jul-2025,EQ,"2,409.90","2,411.00","2,378.00","2,402.90","2,379.00","2,380.40","2,389.52","3,890.00","2,311.50",509306,"1,21,69,96,520.80",28915
15-Jul-2025,EQ,"2,384.00","2,412.00","2,384.00","2,378.10","2,404.00","2,402.90","2,401.99","3,890.00","2,311.50",577248,"1,38,65,46,752.50",34131
14-Jul-2025,EQ,"2,388.70","2,394.20","2,356.50","2,376.10","2,384.50","2,378.10","2,375.43","3,890.00","2,311.50",729605,"1,73,31,28,087.70",40897
11-Jul-2025,EQ,"2,411.30","2,435.00","2,370.10","2,411.30","2,376.00","2,376.10","2,398.34","3,890.00","2,311.50",804235,"1,92,88,31,266.70",46092
10-Jul-2025,EQ,"2,438.00","2,443.50","2,407.20","2,438.60","2,409.00","2,411.30","2,418.19","3,890.00","2,311.50",350043,"84,64,68,879.90",25801
09-Jul-2025,EQ,"2,443.30","2,467.80","2,433.00","2,451.00","2,434.00","2,438.60","2,448.75","3,890.00","2,311.50",579978,"1,42,02,20,872.10",37734
08-Jul-2025,EQ,"2,468.00","2,468.00","2,425.00","2,465.40","2,450.00","2,451.00","2,441.05","3,890.00","2,311.50",439515,"1,07,28,77,224.60",31116
07-Jul-2025,EQ,"2,446.00","2,491.90","2,441.10","2,446.70","2,468.00","2,465.40","2,475.34","3,890.00","2,311.50",379303,"93,89,03,362.50",32558
04-Jul-2025,EQ,"2,456.50","2,456.50","2,426.50","2,445.30","2,447.50","2,446.70","2,443.25","3,890.00","2,311.50",248938,"60,82,17,031.30",21105
03-Jul-2025,EQ,"2,440.10","2,468.50","2,423.00","2,434.60","2,444.80","2,445.30","2,446.33","3,890.00","2,311.50",504145,"1,23,33,05,807.50",48510
02-Jul-2025,EQ,"2,417.90","2,461.10","2,395.00","2,409.70","2,433.00","2,434.60","2,427.20","3,890.00","2,311.50",714558,"1,73,43,76,198.60",37931
01-Jul-2025,EQ,"2,416.90","2,432.00","2,395.00","2,407.10","2,405.70","2,409.70","2,408.56","3,890.00","2,311.50",460578,"1,10,93,29,234.50",37627
30-Jun-2025,EQ,"2,382.20","2,417.70","2,381.00","2,379.30","2,410.90","2,407.10","2,406.67","3,890.00","2,311.50",328578,"79,07,79,636.60",25634
27-Jun-2025,EQ,"2,385.20","2,395.40","2,374.50","2,375.70","2,390.50","2,379.30","2,382.47","3,890.00","2,311.50",905150,"2,15,64,90,493.10",47236
26-Jun-2025,EQ,"2,410.00","2,414.90","2,353.10","2,419.80","2,384.00","2,375.70","2,369.98","3,890.00","2,311.50",1200717,"2,84,56,81,086.80",74370
25-Jun-2025,EQ,"2,438.80","2,449.00","2,415.00","2,424.80","2,423.90","2,419.80","2,429.66","3,890.00","2,311.50",239813,"58,26,63,617.90",17926
24-Jun-2025,EQ,"2,420.00","2,445.00","2,410.10","2,409.80","2,427.90","2,424.80","2,433.90","3,890.00","2,311.50",325700,"79,27,19,762.70",25530
23-Jun-2025,EQ,"2,398.00","2,434.90","2,386.40","2,402.30","2,407.00","2,409.80","2,414.85","3,890.00","2,311.50",420574,"1,01,56,22,320.00",34273
20-Jun-2025,EQ,"2,392.30","2,412.40","2,380.00","2,399.70","2,398.80","2,402.30","2,402.49","3,890.00","2,311.50",394282,"94,72,58,749.90",25698
19-Jun-2025,EQ,"2,403.60","2,408.00","2,378.00","2,398.40","2,396.00","2,399.70","2,396.09","3,890.00","2,311.50",277544,"66,50,19,109.50",14467
18-Jun-2025,EQ,"2,382.00","2,409.00","2,364.10","2,382.00","2,395.00","2,398.40","2,397.71","3,890.00","2,311.50",300348,"72,01,48,195.10",30992
17-Jun-2025,EQ,"2,385.40","2,391.40","2,356.00","2,385.40","2,382.80","2,382.00","2,374.86","3,890.00","2,311.50",441232,"1,04,78,64,509.00",22176
16-Jun-2025,EQ,"2,371.20","2,388.20","2,356.60","2,371.20","2,385.80","2,385.40","2,372.79","3,890.00","2,311.50",272139,"64,57,27,344.00",23765
13-Jun-2025,EQ,"2,387.70","2,387.70","2,346.30","2,406.40","2,372.90","2,371.20","2,364.95","3,890.00","2,311.50",455362,"1,07,69,10,242.40",38387
12-Jun-2025,EQ,"2,443.70","2,443.70","2,400.00","2,432.10","2,401.90","2,406.40","2,414.60","3,890.00","2,311.50",582682,"1,40,69,41,518.00",39308
11-Jun-2025,EQ,"2,458.90","2,458.90","2,429.10","2,449.90","2,435.00","2,432.10","2,435.85","3,890.00","2,311.50",590039,"1,43,72,44,542.60",37673
10-Jun-2025,EQ,"2,460.30","2,461.90","2,439.00","2,451.00","2,450.00","2,449.90","2,449.85","3,890.00","2,311.50",393905,"96,50,08,221.70",19280
09-Jun-2025,EQ,"2,444.00","2,454.60","2,428.00","2,432.50","2,451.40","2,451.00","2,438.91","3,890.00","2,311.50",231846,"56,54,51,340.10",15150
06-Jun-2025,EQ,"2,457.50","2,464.70","2,428.00","2,453.20","2,436.90","2,432.50","2,436.67","3,890.00","2,311.50",385685,"93,97,87,336.30",25854
05-Jun-2025,EQ,"2,485.00","2,486.40","2,448.20","2,482.10","2,454.80","2,453.20","2,460.38","3,890.00","2,311.50",387297,"95,28,95,980.30",24800
04-Jun-2025,EQ,"2,490.00","2,490.00","2,460.20","2,475.20","2,480.00","2,482.10","2,479.58","3,890.00","2,311.50",331408,"82,17,51,184.30",40065
03-Jun-2025,EQ,"2,475.10","2,479.90","2,445.30","2,474.30","2,476.00","2,475.20","2,468.17","3,890.00","2,311.50",606721,"1,49,74,93,100.50",63322
02-Jun-2025,EQ,"2,455.90","2,494.00","2,455.60","2,455.90","2,468.00","2,474.30","2,477.07","3,890.00","2,311.50",680858,"1,68,65,34,511.80",56736
30-May-2025,EQ,"2,486.90","2,494.80","2,449.00","2,486.90","2,455.00","2,455.90","2,465.23","3,890.00","2,311.50",869858,"2,14,43,99,770.80",45060
29-May-2025,EQ,"2,506.80","2,509.00","2,475.00","2,506.80","2,486.00","2,486.90","2,488.38","3,890.00","2,311.50",530352,"1,31,97,18,489.80",43001
28-May-2025,EQ,"2,495.00","2,516.50","2,470.00","2,513.10","2,507.90","2,506.80","2,496.16","3,890.00","2,311.50",742342,"1,85,30,03,240.90",42967
27-May-2025,EQ,"2,510.30","2,519.00","2,489.70","2,510.30","2,511.50","2,513.10","2,506.60","3,890.00","2,311.50",604552,"1,51,53,71,123.10",27843
26-May-2025,EQ,"2,489.90","2,514.00","2,482.00","2,479.40","2,510.40","2,510.30","2,499.26","3,890.00","2,311.50",638832,"1,59,66,08,108.00",34666
23-May-2025,EQ,"2,487.10","2,499.70","2,469.00","2,487.10","2,482.00","2,479.40","2,482.04","3,890.00","2,311.50",616422,"1,52,99,83,908.10",38258
22-May-2025,EQ,"2,599.10","2,599.10","2,481.70","2,659.30","2,486.50","2,487.10","2,519.21","3,890.00","2,311.50",2392352,"6,02,68,46,226.30",139520
21-May-2025,EQ,"2,647.50","2,676.90","2,631.50","2,629.40","2,660.00","2,659.30","2,656.13","3,890.00","2,311.50",337502,"89,64,50,774.60",26048
20-May-2025,EQ,"2,718.00","2,718.00","2,625.50","2,711.50","2,640.00","2,629.40","2,664.58","3,890.00","2,311.50",403620,"1,07,54,77,281.80",39112
19-May-2025,EQ,"2,700.00","2,747.40","2,674.00","2,689.70","2,711.40","2,711.50","2,715.31","3,890.00","2,311.50",324331,"88,06,60,564.20",33056
16-May-2025,EQ,"2,661.00","2,698.00","2,617.50","2,655.40","2,689.20","2,689.70","2,675.48","3,890.00","2,311.50",455396,"1,21,84,04,399.40",38194
15-May-2025,EQ,"2,607.80","2,660.00","2,595.50","2,607.80","2,660.00","2,655.40","2,632.84","3,890.00","2,311.50",283082,"74,53,10,476.70",27291
14-May-2025,EQ,"2,597.20","2,615.00","2,570.10","2,598.90","2,615.00","2,607.80","2,593.65","3,890.00","2,311.50",300928,"78,05,02,471.80",31882
13-May-2025,EQ,"2,611.60","2,634.70","2,591.90","2,611.60","2,599.90","2,598.90","2,606.83","3,890.00","2,311.50",226099,"58,94,01,622.90",35639
12-May-2025,EQ,"2,582.00","2,625.40","2,577.00","2,550.50","2,606.90","2,611.60","2,603.74","3,890.00","2,311.50",333871,"86,93,12,721.20",23060
09-May-2025,EQ,"2,500.00","2,554.80","2,494.70","2,550.60","2,550.60","2,550.50","2,527.17","3,890.00","2,311.50",254167,"64,23,22,847.30",40557
08-May-2025,EQ,"2,634.70","2,639.90","2,529.50","2,634.80","2,544.40","2,550.60","2,567.54","3,890.00","2,311.50",555347,"1,42,58,77,072.30",52427
07-May-2025,EQ,"2,606.00","2,646.80","2,573.00","2,621.40","2,636.00","2,634.80","2,616.53","3,890.00","2,311.50",438715,"1,14,79,12,144.40",34678
06-May-2025,EQ,"2,610.00","2,639.00","2,591.00","2,621.00","2,625.00","2,621.40","2,615.32","3,890.00","2,311.50",345419,"90,33,79,524.90",31889
05-May-2025,EQ,"2,549.00","2,629.00","2,549.00","2,543.40","2,625.00","2,621.00","2,586.62","3,890.00","2,311.50",479629,"1,24,06,18,863.60",36400
02-May-2025,EQ,"2,570.00","2,579.80","2,531.00","2,587.40","2,540.50","2,543.40","2,551.30","3,890.00","2,311.50",635347,"1,62,09,59,828.00",41336
30-Apr-2025,EQ,"2,644.20","2,653.30","2,574.10","2,644.20","2,577.30","2,587.40","2,603.84","3,890.00","2,311.50",570830,"1,48,63,50,472.90",34997
29-Apr-2025,EQ,"2,682.00","2,698.00","2,638.60","2,694.50","2,648.60","2,644.20","2,668.49","3,890.00","2,311.50",556023,"1,48,37,44,477.30",57574
28-Apr-2025,EQ,"2,668.00","2,702.50","2,637.30","2,671.40","2,698.00","2,694.50","2,681.12","3,890.00","2,311.50",391090,"1,04,85,58,828.40",32812
25-Apr-2025,EQ,"2,732.00","2,735.90","2,650.50","2,732.00","2,665.00","2,671.40","2,683.34","3,890.00","2,311.50",437084,"1,17,28,43,758.10",42097
24-Apr-2025,EQ,"2,675.80","2,744.00","2,662.60","2,688.60","2,730.00","2,732.00","2,706.00","3,890.00","2,311.50",712805,"1,92,88,50,524.50",65603
23-Apr-2025,EQ,"2,659.00","2,714.00","2,651.00","2,658.80","2,671.40","2,688.60","2,681.07","3,890.00","2,311.50",713125,"1,91,19,41,549.90",52485
22-Apr-2025,EQ,"2,546.00","2,674.20","2,534.10","2,544.00","2,661.00","2,658.80","2,629.99","3,890.00","2,311.50",747000,"1,96,46,03,720.20",63446
21-Apr-2025,EQ,"2,575.00","2,587.80","2,539.00","2,570.50","2,545.00","2,544.00","2,561.41","3,890.00","2,311.50",277896,"71,18,05,592.50",28766
17-Apr-2025,EQ,"2,577.00","2,601.10","2,531.20","2,551.60","2,567.00","2,570.50","2,573.55","3,890.00","2,311.50",413204,"1,06,33,99,789.40",34123
16-Apr-2025,EQ,"2,515.00","2,557.00","2,510.30","2,513.70","2,534.90","2,551.60","2,544.85","3,890.00","2,311.50",275642,"70,14,67,263.00",25757
15-Apr-2025,EQ,"2,540.00","2,540.00","2,472.10","2,491.65","2,514.00","2,513.70","2,503.12","3,890.00","2,311.50",544832,"1,36,37,80,733.00",47121
11-Apr-2025,EQ,"2,509.25","2,523.95","2,471.40","2,508.10","2,492.00","2,491.65","2,493.46","3,890.00","2,311.50",528021,"1,31,65,97,163.90",39735
09-Apr-2025,EQ,"2,450.10","2,519.00","2,442.95","2,439.90","2,506.00","2,508.10","2,491.15","3,890.00","2,311.50",589111,"1,46,75,63,800.20",52139
08-Apr-2025,EQ,"2,404.85","2,450.00","2,400.00","2,388.25","2,442.95","2,439.90","2,432.42","3,890.00","2,311.50",319178,"77,63,74,446.90",28155
07-Apr-2025,EQ,"2,318.05","2,402.70","2,311.50","2,423.35","2,389.45","2,388.25","2,377.57","3,890.00","2,311.50",647807,"1,54,02,06,466.50",39357
04-Apr-2025,EQ,"2,400.00","2,444.80","2,390.85","2,409.85","2,428.00","2,423.35","2,422.80","3,890.00","2,325.80",349346,"84,63,94,095.40",28697
03-Apr-2025,EQ,"2,360.00","2,413.85","2,340.00","2,364.60","2,407.00","2,409.85","2,379.11","3,890.00","2,325.80",345546,"82,20,90,999.75",27836
02-Apr-2025,EQ,"2,350.00","2,370.05","2,325.80","2,350.50","2,368.00","2,364.60","2,351.74","3,890.00","2,325.80",349700,"82,24,03,759.70",38065
01-Apr-2025,EQ,"2,389.80","2,411.70","2,346.80","2,389.80","2,350.00","2,350.50","2,367.74","3,890.00","2,341.40",330923,"78,35,38,929.40",36236
28-Mar-2025,EQ,"2,409.85","2,442.00","2,370.10","2,394.30","2,399.00","2,389.80","2,403.61","3,890.00","2,341.40",713552,"1,71,51,00,246.60",50803
27-Mar-2025,EQ,"2,390.35","2,409.00","2,356.00","2,392.85","2,406.30","2,394.30","2,380.87","3,890.00","2,341.40",803990,"1,91,41,98,505.10",44035
26-Mar-2025,EQ,"2,389.45","2,405.00","2,362.20","2,378.40","2,394.00","2,392.85","2,388.13","3,890.00","2,341.40",508577,"1,21,45,47,079.55",47414
25-Mar-2025,EQ,"2,375.25","2,414.95","2,341.40","2,426.30","2,390.00","2,378.40","2,361.42","3,890.00","2,341.40",1354361,"3,19,82,20,037.90",83876
24-Mar-2025,EQ,"2,416.70","2,438.45","2,392.65","2,401.10","2,429.85","2,426.30","2,419.78","3,890.00","2,351.00",464577,"1,12,41,75,381.40",38259
21-Mar-2025,EQ,"2,418.30","2,426.50","2,385.00","2,418.30","2,402.00","2,401.10","2,399.08","3,890.00","2,351.00",1030473,"2,47,21,89,097.95",45834
20-Mar-2025,EQ,"2,420.00","2,444.00","2,412.55","2,413.85","2,423.00","2,418.30","2,425.02","3,890.00","2,351.00",208116,"50,46,85,048.50",30707
19-Mar-2025,EQ,"2,435.00","2,437.85","2,376.80","2,431.30","2,415.00","2,413.85","2,399.58","3,890.00","2,351.00",423270,"1,01,56,70,970.60",43523
18-Mar-2025,EQ,"2,400.00","2,449.90","2,390.15","2,383.50","2,435.00","2,431.30","2,430.99","3,890.00","2,351.00",224698,"54,62,39,637.30",27672
17-Mar-2025,EQ,"2,415.00","2,427.35","2,351.00","2,411.70","2,389.50","2,383.50","2,377.05","3,890.00","2,351.00",465223,"1,10,58,58,816.40",43998